image_path,item,response
images/kitchen/5_segmented_sun_adkmgnqaiypcnhqy.jpg,Tupperware containers,"Item: Tupperware containers
Best container: 4 or 5
Reasoning: Tupperware containers are typically stored in drawers or cabinets that are wide and easily accessible, as they come in various sizes and are often stacked. Given the options, drawers below the countertop (Container 4 or 5) are more suitable for storing Tupperware containers due to their width and location near the sink, which is a common area for food preparation and cleaning. However, without more specific details about the size and shape of the containers, both 4 and 5 seem plausible, but I will choose one based on the description of being ""wider than tall"" which might better accommodate various sizes of Tupperware.

 Revised response to follow the requested format:
Item: Tupperware containers
Best container: 4
Reasoning: Tupperware containers are typically stored in drawers or cabinets that are wide and easily accessible, as they come in various sizes and are often stacked. Container 4, being a drawer below the countertop that is wider than tall and located at the bottom-left of the sink, seems like a suitable storage place due to its accessibility and proximity to food preparation areas."
images/kitchen/12_segmented_sun_anfzulzazofakfhm.jpg,Bottle opener,"Item: Bottle opener
Best container: 10
Reasoning: Bottle openers are typically stored in drawers below the countertop for easy access, often alongside other utensils or kitchen tools, and Container 10 is described as a wide and short drawer, which is a common place to store such items."
images/kitchen/12_segmented_sun_anfzulzazofakfhm.jpg,Cutting board,"Item: Cutting board
Best container: 10
Reasoning: Cutting boards are often stored in wide, shallow drawers below the countertop for easy access and to keep them flat, preventing warping or damage. Container 10, described as a drawer below the countertop that is wide and short, fits this typical storage arrangement."
images/kitchen/12_segmented_sun_anfzulzazofakfhm.jpg,Pan,"Item: Pan
Best container: 11
Reasoning: Pans are typically stored in wide and short drawers or cabinets below the countertop, often near the oven or stove for easy access, making Container 11, a wide and short drawer below the countertop to the right of the oven, a likely storage place."
